method,stego_psnr,recovered_psnr,stego_ssim,recovered_ssim,stego_ks,recovered_ks,stego_p_val,recovered_p_val,stego_ws,recovered_ws
dft_qr ({}),42.822442622490236,49.124662905421594,0.9933606000124815,0.9651500585835149,0.023708230198019802,0.03364789603960396,0.999021843046332,0.9448908378946537,145.7133353960396,59.80051051980198
dwt_qr ({}),40.88419807831239,50.72550900179333,0.9898564297363318,0.9928500710508852,0.026647586633663366,0.02281868811881188,0.9932032639020706,0.982686432923426,166.08586014851485,30.895730198019802
qr ({}),40.78511562339647,48.161936904008876,0.988064242450064,0.9595965016338321,0.02657023514851485,0.03654857673267327,0.994200292951138,0.9215468664726215,165.72230816831683,77.69330136138613
qr_both_dft ({}),40.78511562339647,43.93345554483013,0.988064242450064,0.948664342479906,0.02657023514851485,0.044129022277227724,0.994200292951138,0.9120398392940681,165.72230816831683,96.64163056930693
qr_both_dwt ({}),40.78511562339647,47.95504267300729,0.988064242450064,0.9515845155254661,0.02657023514851485,0.04231126237623763,0.994200292951138,0.9126429038923146,165.72230816831683,91.90586324257426
qr_dft ({}),37.64322489105442,51.17222981342072,0.9865624711533684,0.9993550822487338,0.04552134900990099,0.02061417079207921,0.8138205101877801,0.9998708973484728,190.62507735148515,22.90632735148515
qr_dwt ({}),37.82884407942364,51.29158546745105,0.987804836329366,0.9994128404655018,0.0450572400990099,0.020691522277227724,0.8132653040102503,0.9998430534285921,139.064588490099,22.683168316831683
