method,stego_psnr,recovered_psnr,stego_ssim,recovered_ssim,stego_ks,recovered_ks,stego_p_val,recovered_p_val,stego_ws,recovered_ws
dft_qr ({}),47.96726178876985,51.21364838546744,0.9984275400506996,0.9993835823536732,0.0234375,0.01953125,0.9999998150730912,0.999999999921186,70.890625,22.9453125
dwt_qr ({}),45.166060847112455,51.58353870451532,0.9951324533448348,0.9995383648195538,0.02734375,0.01953125,0.9999816869283712,0.999999999921186,86.3125,22.578125
lsb ({}),45.19443007052489,7.170657163713781,0.9943842945849704,0.1264202829791724,0.04296875,0.9921875,0.9726060102257182,5.536560600745663e-148,141.296875,8071.7109375
qr ({}),45.08740699709283,50.49473223370483,0.9938803612269966,0.9994960869785188,0.02734375,0.01953125,0.9999816869283712,0.999999999921186,87.140625,22.6015625
qr_both_dft ({}),45.08740699709283,47.02953245127454,0.9938803612269966,0.9994332603855696,0.02734375,0.01953125,0.9999816869283712,0.999999999921186,87.140625,22.5859375
qr_both_dwt ({}),45.08740699709283,50.80557796229356,0.9938803612269966,0.9994777028420536,0.02734375,0.01953125,0.9999816869283712,0.999999999921186,87.140625,22.765625
qr_dft ({}),39.47590469336434,51.26665668945536,0.9922062168187076,0.999355801211188,0.03125,0.01953125,0.9996558847418896,0.999999999921186,92.734375,22.8671875
qr_dwt ({}),39.60297817389338,51.29528040732148,0.993331796679202,0.9994110725731372,0.02734375,0.01953125,0.9999816869283712,0.999999999921186,78.75,22.6875
